"shop_country_asin_date","asin","country","date","old_weighted_sales","new_weighted_sales","difference"
"合计_JP_B0CJVFJMVF_20250221","B0CJVFJMVF","JP","2025-02-21","13.6","15.1","-1.5"
"合计_JP_B0CJVFJMVF_20250222","B0CJVFJMVF","JP","2025-02-22","11.4","14.5","-3.1"
"合计_JP_B0CJVFJMVF_20250223","B0CJVFJMVF","JP","2025-02-23","9.5","13.3","-3.8"
"合计_JP_B0CJVFJMVF_20250224","B0CJVFJMVF","JP","2025-02-24","8.7","12.6","-3.9"
"合计_JP_B0CJVFJMVF_20250225","B0CJVFJMVF","JP","2025-02-25","7.4","11.5","-4.1"
"合计_JP_B0CJVFJMVF_20250226","B0CJVFJMVF","JP","2025-02-26","8.4","11.3","-2.9"
"合计_JP_B0CJVFJMVF_20250330","B0CJVFJMVF","JP","2025-03-30","17.2","15","2.2"
"合计_JP_B0CJVFJMVF_20250331","B0CJVFJMVF","JP","2025-03-31","17.9","15.4","2.5"
"合计_JP_B0CJVFJMVF_20250401","B0CJVFJMVF","JP","2025-04-01","17.4","15.4","2"
"合计_JP_B0CJVFJMVF_20250402","B0CJVFJMVF","JP","2025-04-02","18.3","16.3","2"
"合计_JP_B0CJVFJMVF_20250403","B0CJVFJMVF","JP","2025-04-03","18","16.6","1.4"
"合计_JP_B0CJVFJMVF_20250414","B0CJVFJMVF","JP","2025-04-14","18.5","17","1.5"
"合计_JP_B0CJVFJMVF_20250415","B0CJVFJMVF","JP","2025-04-15","19.1","17.3","1.8"
"合计_JP_B0CJVFJMVF_20250416","B0CJVFJMVF","JP","2025-04-16","19.5","17.7","1.8"
"合计_JP_B0CJVFJMVF_20250417","B0CJVFJMVF","JP","2025-04-17","18.8","17.6","1.2"
"合计_JP_B0CJVFJMVF_20250421","B0CJVFJMVF","JP","2025-04-21","21.8","19.7","2.1"
"合计_JP_B0CJVFJMVF_20250422","B0CJVFJMVF","JP","2025-04-22","25.2","21.4","3.8"
"合计_JP_B0CJVFJMVF_20250423","B0CJVFJMVF","JP","2025-04-23","25.2","21.5","3.7"
"合计_JP_B0CJVFJMVF_20250424","B0CJVFJMVF","JP","2025-04-24","24.1","21.5","2.6"
"合计_JP_B0CJVFJMVF_20250503","B0CJVFJMVF","JP","2025-05-03","22.3","20.9","1.4"
"合计_JP_B0CJVFJMVF_20250504","B0CJVFJMVF","JP","2025-05-04","22.5","21.3","1.2"
"合计_JP_B0CJVFJMVF_20250505","B0CJVFJMVF","JP","2025-05-05","23.3","22","1.3"
"合计_JP_B0CJVFJMVF_20250507","B0CJVFJMVF","JP","2025-05-07","23.1","21.8","1.3"
"合计_JP_B0CJVFJMVF_20250511","B0CJVFJMVF","JP","2025-05-11","19","20.5","-1.5"
"合计_JP_B0CJVFJMVF_20250512","B0CJVFJMVF","JP","2025-05-12","17.5","19.8","-2.3"
"合计_JP_B0CJVFJMVF_20250513","B0CJVFJMVF","JP","2025-05-13","18.5","20.4","-1.9"
"合计_JP_B0CJVFJMVF_20250514","B0CJVFJMVF","JP","2025-05-14","17.4","19.1","-1.7"
"合计_JP_B0CJVFJMVF_20250515","B0CJVFJMVF","JP","2025-05-15","17","18.7","-1.7"
"合计_JP_B0CJVFJMVF_20250516","B0CJVFJMVF","JP","2025-05-16","15","17.4","-2.4"
"合计_JP_B0CJVFJMVF_20250517","B0CJVFJMVF","JP","2025-05-17","15","17.7","-2.7"
"合计_JP_B0CJVFJMVF_20250518","B0CJVFJMVF","JP","2025-05-18","14.1","17","-2.9"
"合计_JP_B0CJVFJMVF_20250519","B0CJVFJMVF","JP","2025-05-19","14.2","16.8","-2.6"
"合计_JP_B0CJVFJMVF_20250520","B0CJVFJMVF","JP","2025-05-20","13.4","15.8","-2.4"
"合计_JP_B0CJVFJMVF_20250521","B0CJVFJMVF","JP","2025-05-21","12.5","15.3","-2.8"
"合计_JP_B0CJVFJMVF_20250522","B0CJVFJMVF","JP","2025-05-22","11.4","13.9","-2.5"
"合计_JP_B0CJVFJMVF_20250523","B0CJVFJMVF","JP","2025-05-23","10.5","13.4","-2.9"
"合计_JP_B0CJVFJMVF_20250524","B0CJVFJMVF","JP","2025-05-24","10","12.7","-2.7"
"合计_JP_B0CJVFJMVF_20250525","B0CJVFJMVF","JP","2025-05-25","9.8","12.7","-2.9"
"合计_JP_B0CJVFJMVF_20250526","B0CJVFJMVF","JP","2025-05-26","10.1","12.5","-2.4"
"合计_JP_B0CJVFJMVF_20250527","B0CJVFJMVF","JP","2025-05-27","10.2","12.4","-2.2"
"合计_JP_B0CJVFJMVF_20250528","B0CJVFJMVF","JP","2025-05-28","9.8","12.1","-2.3"
"合计_JP_B0CJVFJMVF_20250529","B0CJVFJMVF","JP","2025-05-29","10.1","12.2","-2.1"
"合计_JP_B0CJVFJMVF_20250530","B0CJVFJMVF","JP","2025-05-30","10.3","12.1","-1.8"
"合计_JP_B0CJVFJMVF_20250531","B0CJVFJMVF","JP","2025-05-31","10.7","12.1","-1.4"
"合计_JP_B0CJVFJMVF_20250603","B0CJVFJMVF","JP","2025-06-03","17.9","15.1","2.8"
"合计_JP_B0CJVFJMVF_20250604","B0CJVFJMVF","JP","2025-06-04","17.5","14.9","2.6"
"合计_JP_B0CJVFJMVF_20250605","B0CJVFJMVF","JP","2025-06-05","16.7","14.9","1.8"
"合计_US_B0D66D792T_20250616","B0D66D792T","US","2025-06-16","86.1","5.2","80.9"
"合计_JP_B0CJVFJMVF_20250617","B0CJVFJMVF","JP","2025-06-17","10","11.4","-1.4"
"合计_US_B0D66D792T_20250617","B0D66D792T","US","2025-06-17","81.4","5.5","75.9"
"合计_JP_B0CJVFJMVF_20250618","B0CJVFJMVF","JP","2025-06-18","9.5","10.7","-1.2"
"合计_US_B0D66D792T_20250618","B0D66D792T","US","2025-06-18","81.7","5.5","76.2"
"合计_JP_B0CJVFJMVF_20250619","B0CJVFJMVF","JP","2025-06-19","9.5","10.6","-1.1"
"合计_US_B0D66D792T_20250619","B0D66D792T","US","2025-06-19","80.6","5.7","74.9"
"合计_JP_B0CJVFJMVF_20250620","B0CJVFJMVF","JP","2025-06-20","9.3","10.5","-1.2"
"合计_US_B0D66D792T_20250620","B0D66D792T","US","2025-06-20","80.8","5.8","75"
"合计_US_B0D66D792T_20250621","B0D66D792T","US","2025-06-21","83","6.3","76.7"
"合计_JP_B0CJVFJMVF_20250622","B0CJVFJMVF","JP","2025-06-22","8.9","10.4","-1.5"
"合计_US_B0D66D792T_20250622","B0D66D792T","US","2025-06-22","82.5","6.5","76"
"合计_US_B0D66D792T_20250623","B0D66D792T","US","2025-06-23","107.4","6.9","100.5"
"合计_US_B0D66D792T_20250624","B0D66D792T","US","2025-06-24","108.2","6.4","101.8"
"合计_US_B0D66D792T_20250625","B0D66D792T","US","2025-06-25","107.6","12.2","95.4"
"合计_US_B0D66D792T_20250626","B0D66D792T","US","2025-06-26","105","17.9","87.1"
"合计_US_B0D66D792T_20250627","B0D66D792T","US","2025-06-27","99.7","22.7","77"
"合计_US_B0D66D792T_20250628","B0D66D792T","US","2025-06-28","100.1","28.8","71.3"
"合计_US_B0D66D792T_20250629","B0D66D792T","US","2025-06-29","126.7","28.9","97.8"
"合计_JP_B0CJVFJMVF_20250630","B0CJVFJMVF","JP","2025-06-30","16.2","14.5","1.7"
"合计_US_B0D66D792T_20250630","B0D66D792T","US","2025-06-30","112.8","28.6","84.2"
"合计_US_B0D66D792T_20250701","B0D66D792T","US","2025-07-01","127.5","29.8","97.7"
"合计_JP_B0CJVFJMVF_20250702","B0CJVFJMVF","JP","2025-07-02","15.7","14.5","1.2"
"合计_US_B0D66D792T_20250702","B0D66D792T","US","2025-07-02","140.6","27.2","113.4"
"合计_US_B0D66D792T_20250703","B0D66D792T","US","2025-07-03","154.7","24.5","130.2"
"合计_US_B0D66D792T_20250704","B0D66D792T","US","2025-07-04","170.2","22.3","147.9"
"合计_US_B0D66D792T_20250705","B0D66D792T","US","2025-07-05","171.1","33.4","137.7"
"合计_US_B0D66D792T_20250706","B0D66D792T","US","2025-07-06","176.8","47.9","128.9"
"合计_US_B0D66D792T_20250707","B0D66D792T","US","2025-07-07","182.7","47.7","135"
"合计_US_B0D66D792T_20250708","B0D66D792T","US","2025-07-08","149.4","51.5","97.9"
"合计_US_B0D66D792T_20250709","B0D66D792T","US","2025-07-09","319.5","51.2","268.3"
"合计_US_B0D66D792T_20250710","B0D66D792T","US","2025-07-10","317.5","53.9","263.6"
"合计_JP_B0DBL12322_20250710","B0DBL12322","JP","2025-07-10","11.3","10.2","1.1"
"合计_JP_B0CJVFJMVF_20250711","B0CJVFJMVF","JP","2025-07-11","15.2","13.9","1.3"
"合计_US_B0D66D792T_20250711","B0D66D792T","US","2025-07-11","234.1","65.5","168.6"
"合计_JP_B0DBL12322_20250711","B0DBL12322","JP","2025-07-11","12.1","9.8","2.3"
"合计_JP_B0CJVFJMVF_20250712","B0CJVFJMVF","JP","2025-07-12","18.6","15.8","2.8"
"合计_JP_B0DBL12322_20250712","B0DBL12322","JP","2025-07-12","15.7","9.2","6.5"
"合计_JP_B0CJVFJMVF_20250713","B0CJVFJMVF","JP","2025-07-13","22.2","17.6","4.6"
"合计_JP_B0DBL12322_20250713","B0DBL12322","JP","2025-07-13","17.2","10.1","7.1"
"合计_JP_B0CJVFJMVF_20250714","B0CJVFJMVF","JP","2025-07-14","29.1","21.4","7.7"
"合计_JP_B0DBL12322_20250714","B0DBL12322","JP","2025-07-14","22.6","13","9.6"
"合计_JP_B0CJVFJMVF_20250715","B0CJVFJMVF","JP","2025-07-15","40.3","27.6","12.7"
"合计_JP_B0DBL12322_20250715","B0DBL12322","JP","2025-07-15","31.8","18.2","13.6"
"合计_JP_B0CJVFJMVF_20250716","B0CJVFJMVF","JP","2025-07-16","41","28.6","12.4"
"合计_JP_B0DBL12322_20250716","B0DBL12322","JP","2025-07-16","29.4","17.1","12.3"
"合计_JP_B0CJVFJMVF_20250717","B0CJVFJMVF","JP","2025-07-17","37.6","28.4","9.2"
"合计_JP_B0DBL12322_20250717","B0DBL12322","JP","2025-07-17","26.7","17","9.7"
"合计_JP_B0CJVFJMVF_20250718","B0CJVFJMVF","JP","2025-07-18","32.7","28.1","4.6"
"合计_JP_B0DBL12322_20250718","B0DBL12322","JP","2025-07-18","22.2","16.9","5.3"
"合计_JP_B0CJVFJMVF_20250719","B0CJVFJMVF","JP","2025-07-19","29.6","28","1.6"
"合计_JP_B0DBL12322_20250719","B0DBL12322","JP","2025-07-19","19","17.1","1.9"
"合计_JP_B0DBL12322_20250720","B0DBL12322","JP","2025-07-20","18","16.5","1.5"
"合计_JP_B0DBL12322_20250721","B0DBL12322","JP","2025-07-21","16.9","15.1","1.8"
"合计_JP_B0DBL12322_20250722","B0DBL12322","JP","2025-07-22","14.4","12.8","1.6"
"合计_JP_B0CJVFJMVF_20250723","B0CJVFJMVF","JP","2025-07-23","19","21.6","-2.6"
"合计_JP_B0CJVFJMVF_20250724","B0CJVFJMVF","JP","2025-07-24","17.2","20.8","-3.6"
"合计_JP_B0CJVFJMVF_20250725","B0CJVFJMVF","JP","2025-07-25","16.4","20.4","-4"
"合计_JP_B0CJVFJMVF_20250726","B0CJVFJMVF","JP","2025-07-26","15.8","19.6","-3.8"
"合计_JP_B0DBL12322_20250727","B0DBL12322","JP","2025-07-27","12","13.4","-1.4"
"合计_JP_B0DBL12322_20250728","B0DBL12322","JP","2025-07-28","11.5","12.9","-1.4"
"合计_JP_B0DBL12322_20250730","B0DBL12322","JP","2025-07-30","8.9","10.4","-1.5"
"合计_JP_B0DBL12322_20250731","B0DBL12322","JP","2025-07-31","8.8","10.4","-1.6"
"合计_JP_B0DBL12322_20250801","B0DBL12322","JP","2025-08-01","9.4","10.7","-1.3"
"合计_JP_B0DBL12322_20250802","B0DBL12322","JP","2025-08-02","9.5","10.6","-1.1"
"合计_JP_B0DBL12322_20250803","B0DBL12322","JP","2025-08-03","9.3","10.6","-1.3"
"合计_JP_B0DBL12322_20250807","B0DBL12322","JP","2025-08-07","8.8","10.7","-1.9"
"合计_JP_B0DBL12322_20250808","B0DBL12322","JP","2025-08-08","8","10.2","-2.2"
"合计_JP_B0DBL12322_20250809","B0DBL12322","JP","2025-08-09","8","10.2","-2.2"
"合计_JP_B0DBL12322_20250810","B0DBL12322","JP","2025-08-10","7.7","10","-2.3"
"合计_JP_B0DBL12322_20250811","B0DBL12322","JP","2025-08-11","7.6","9.6","-2"
"合计_JP_B0DBL12322_20250812","B0DBL12322","JP","2025-08-12","6.9","9.2","-2.3"
"合计_JP_B0DBL12322_20250813","B0DBL12322","JP","2025-08-13","6.7","8.5","-1.8"
"合计_JP_B0DBL12322_20250814","B0DBL12322","JP","2025-08-14","6.2","7.3","-1.1"
"合计_JP_B0DBL12322_20250815","B0DBL12322","JP","2025-08-15","5.8","7.1","-1.3"
"合计_JP_B0DBL12322_20250816","B0DBL12322","JP","2025-08-16","6","7.1","-1.1"
"合计_JP_B0DBL12322_20250817","B0DBL12322","JP","2025-08-17","5.9","7.1","-1.2"
"合计_JP_B0DBL12322_20250818","B0DBL12322","JP","2025-08-18","5.5","6.7","-1.2"
"合计_JP_B0DBL12322_20250819","B0DBL12322","JP","2025-08-19","4.9","6.3","-1.4"
"合计_JP_B0DBL12322_20250820","B0DBL12322","JP","2025-08-20","4.3","6","-1.7"
"合计_JP_B0DBL12322_20250821","B0DBL12322","JP","2025-08-21","5","6.3","-1.3"
"合计_US_B0D66D792T_20250824","B0D66D792T","US","2025-08-24","62.3","44.2","18.1"
"合计_US_B0D66D792T_20250825","B0D66D792T","US","2025-08-25","65.9","46.4","19.5"
"合计_US_B0D66D792T_20250826","B0D66D792T","US","2025-08-26","63.2","46.1","17.1"
"合计_US_B0D66D792T_20250827","B0D66D792T","US","2025-08-27","63.9","42.9","21"
"合计_JP_B0CJVFJMVF_20250828","B0CJVFJMVF","JP","2025-08-28","8.3","10.4","-2.1"
"合计_US_B0D66D792T_20250828","B0D66D792T","US","2025-08-28","62.8","40.7","22.1"
"合计_JP_B0CJVFJMVF_20250829","B0CJVFJMVF","JP","2025-08-29","7.6","9.9","-2.3"
"合计_US_B0D66D792T_20250829","B0D66D792T","US","2025-08-29","66.7","38.3","28.4"
"合计_JP_B0CJVFJMVF_20250830","B0CJVFJMVF","JP","2025-08-30","7.5","9.9","-2.4"
"合计_US_B0D66D792T_20250830","B0D66D792T","US","2025-08-30","69.7","41.1","28.6"
"合计_JP_B0DBL12322_20250830","B0DBL12322","JP","2025-08-30","9.3","8.2","1.1"
"合计_JP_B0CJVFJMVF_20250831","B0CJVFJMVF","JP","2025-08-31","8.6","10.2","-1.6"
"合计_US_B0D66D792T_20250831","B0D66D792T","US","2025-08-31","67.3","43.1","24.2"
"合计_JP_B0DBL12322_20250831","B0DBL12322","JP","2025-08-31","10.7","9","1.7"
"合计_US_B0D66D792T_20250901","B0D66D792T","US","2025-09-01","68.6","40.9","27.7"
"合计_JP_B0DBL12322_20250901","B0DBL12322","JP","2025-09-01","12.1","9.8","2.3"
"合计_US_B0D66D792T_20250902","B0D66D792T","US","2025-09-02","55","42.6","12.4"
"合计_JP_B0DBL12322_20250902","B0DBL12322","JP","2025-09-02","13.4","10.7","2.7"
"合计_JP_B0CJVFJMVF_20250903","B0CJVFJMVF","JP","2025-09-03","8.6","9.9","-1.3"
"合计_US_B0D66D792T_20250903","B0D66D792T","US","2025-09-03","48.2","45.1","3.1"
"合计_JP_B0DBL12322_20250903","B0DBL12322","JP","2025-09-03","14.7","11.2","3.5"
"合计_JP_B0CJVFJMVF_20250904","B0CJVFJMVF","JP","2025-09-04","8.7","10.1","-1.4"
"合计_US_B0D66D792T_20250904","B0D66D792T","US","2025-09-04","39","45.8","-6.8"
"合计_JP_B0DBL12322_20250904","B0DBL12322","JP","2025-09-04","14.8","11.7","3.1"
"合计_US_B0D66D792T_20250905","B0D66D792T","US","2025-09-05","43.1","44.7","-1.6"
"合计_JP_B0DBL12322_20250905","B0DBL12322","JP","2025-09-05","15.6","12.4","3.2"
"合计_JP_B0CJVFJMVF_20250906","B0CJVFJMVF","JP","2025-09-06","8.8","10.1","-1.3"
"合计_US_B0D66D792T_20250906","B0D66D792T","US","2025-09-06","38.3","41.7","-3.4"
"合计_JP_B0DBL12322_20250906","B0DBL12322","JP","2025-09-06","14.8","12.5","2.3"
"合计_US_B0D66D792T_20250907","B0D66D792T","US","2025-09-07","35.3","39.1","-3.8"
"合计_JP_B0DBL12322_20250907","B0DBL12322","JP","2025-09-07","14.7","12.5","2.2"
"合计_US_B0D66D792T_20250908","B0D66D792T","US","2025-09-08","32.3","38","-5.7"
"合计_JP_B0DBL12322_20250908","B0DBL12322","JP","2025-09-08","14.1","12.5","1.6"
"合计_US_B0D66D792T_20250909","B0D66D792T","US","2025-09-09","26.8","34.1","-7.3"
"合计_JP_B0DBL12322_20250909","B0DBL12322","JP","2025-09-09","13.5","12.4","1.1"
"合计_US_B0D66D792T_20250910","B0D66D792T","US","2025-09-10","22.3","32.7","-10.4"
"合计_JP_B0CJVFJMVF_20250911","B0CJVFJMVF","JP","2025-09-11","9.4","10.5","-1.1"
"合计_US_B0D66D792T_20250911","B0D66D792T","US","2025-09-11","23","33.5","-10.5"
"合计_JP_B0CJVFJMVF_20250912","B0CJVFJMVF","JP","2025-09-12","9.2","10.3","-1.1"
"合计_US_B0D66D792T_20250912","B0D66D792T","US","2025-09-12","26","33","-7"
"合计_US_B0D66D792T_20250913","B0D66D792T","US","2025-09-13","29.1","31.2","-2.1"
"合计_US_B0D66D792T_20250914","B0D66D792T","US","2025-09-14","29.5","27.2","2.3"
"合计_US_B0D66D792T_20250915","B0D66D792T","US","2025-09-15","35.8","23.8","12"
"合计_US_B0D66D792T_20250916","B0D66D792T","US","2025-09-16","34.8","24.6","10.2"
"合计_US_B0D66D792T_20250917","B0D66D792T","US","2025-09-17","29.3","23.2","6.1"
"合计_US_B0D66D792T_20250918","B0D66D792T","US","2025-09-18","31.4","21.2","10.2"
"合计_US_B0D66D792T_20250919","B0D66D792T","US","2025-09-19","29.8","19.6","10.2"
"合计_US_B0D66D792T_20250920","B0D66D792T","US","2025-09-20","30.3","18.5","11.8"
"合计_US_B0D66D792T_20250921","B0D66D792T","US","2025-09-21","29.9","20.2","9.7"
"合计_US_B0D66D792T_20250922","B0D66D792T","US","2025-09-22","31","18","13"
"合计_JP_B0DBL12322_20250922","B0DBL12322","JP","2025-09-22","9.2","10.5","-1.3"
"合计_US_B0D66D792T_20250923","B0D66D792T","US","2025-09-23","31.7","16.6","15.1"
"合计_JP_B0DBL12322_20250923","B0DBL12322","JP","2025-09-23","8","9.8","-1.8"
"合计_US_B0D66D792T_20250924","B0D66D792T","US","2025-09-24","32","19.2","12.8"
"合计_JP_B0DBL12322_20250924","B0DBL12322","JP","2025-09-24","7.4","9.6","-2.2"
"合计_US_B0D66D792T_20250925","B0D66D792T","US","2025-09-25","34.6","21.7","12.9"
"合计_JP_B0DBL12322_20250925","B0DBL12322","JP","2025-09-25","6.7","9.1","-2.4"
"合计_US_B0D66D792T_20250926","B0D66D792T","US","2025-09-26","39.2","24.5","14.7"
"合计_JP_B0DBL12322_20250926","B0DBL12322","JP","2025-09-26","7","9.2","-2.2"
"合计_US_B0D66D792T_20250927","B0D66D792T","US","2025-09-27","41.9","28.2","13.7"
"合计_JP_B0DBL12322_20250927","B0DBL12322","JP","2025-09-27","6.8","8.8","-2"
"合计_JP_B0FKH6L6FJ_20250927","B0FKH6L6FJ","JP","2025-09-27","2.7","3.8","-1.1"
"合计_US_B0D66D792T_20250928","B0D66D792T","US","2025-09-28","40.6","29.5","11.1"
"合计_JP_B0DBL12322_20250928","B0DBL12322","JP","2025-09-28","6.4","8.4","-2"
"合计_JP_B0FKH6L6FJ_20250928","B0FKH6L6FJ","JP","2025-09-28","2.5","3.9","-1.4"
"合计_US_B0D66D792T_20250929","B0D66D792T","US","2025-09-29","43.4","32","11.4"
"合计_JP_B0DBL12322_20250929","B0DBL12322","JP","2025-09-29","6.5","8.3","-1.8"
"合计_US_B0F9YNLLCN_20250929","B0F9YNLLCN","US","2025-09-29","22.5","25.4","-2.9"
"合计_US_B0D66D792T_20250930","B0D66D792T","US","2025-09-30","46.8","34.5","12.3"
"合计_JP_B0DBL12322_20250930","B0DBL12322","JP","2025-09-30","7","8.5","-1.5"
"合计_US_B0F9YNLLCN_20250930","B0F9YNLLCN","US","2025-09-30","20.3","24.2","-3.9"
"合计_US_B0D66D792T_20251001","B0D66D792T","US","2025-10-01","49.4","31.8","17.6"
"合计_JP_B0DBL12322_20251001","B0DBL12322","JP","2025-10-01","6.6","7.9","-1.3"
"合计_US_B0F9YNLLCN_20251001","B0F9YNLLCN","US","2025-10-01","18.4","23.3","-4.9"
"合计_US_B0D66D792T_20251002","B0D66D792T","US","2025-10-02","49.7","29.9","19.8"
"合计_US_B0F9YNLLCN_20251002","B0F9YNLLCN","US","2025-10-02","18","22.5","-4.5"
"合计_JP_B0CJVFJMVF_20251003","B0CJVFJMVF","JP","2025-10-03","9","10.1","-1.1"
"合计_US_B0D66D792T_20251003","B0D66D792T","US","2025-10-03","54.8","27.5","27.3"
"合计_US_B0F9YNLLCN_20251003","B0F9YNLLCN","US","2025-10-03","17.4","21.6","-4.2"
"合计_JP_B0FKGX4PYG_20251003","B0FKGX4PYG","JP","2025-10-03","5.3","2.9","2.4"
"合计_JP_B0CJVFJMVF_20251004","B0CJVFJMVF","JP","2025-10-04","8.7","10.1","-1.4"
"合计_US_B0D66D792T_20251004","B0D66D792T","US","2025-10-04","61.6","31.7","29.9"
"合计_US_B0F9YNLLCN_20251004","B0F9YNLLCN","US","2025-10-04","17.6","20.5","-2.9"
"合计_JP_B0FKGX4PYG_20251004","B0FKGX4PYG","JP","2025-10-04","7.1","3.9","3.2"
"合计_JP_B0CJVFJMVF_20251005","B0CJVFJMVF","JP","2025-10-05","8.6","9.9","-1.3"
"合计_US_B0D66D792T_20251005","B0D66D792T","US","2025-10-05","75.4","39.9","35.5"
"合计_US_B0F9YNLLCN_20251005","B0F9YNLLCN","US","2025-10-05","15.3","19.8","-4.5"
"合计_JP_B0FKGX4PYG_20251005","B0FKGX4PYG","JP","2025-10-05","7.2","4","3.2"
"合计_US_B0D66D792T_20251006","B0D66D792T","US","2025-10-06","73.7","40.1","33.6"
"合计_US_B0F9YNLLCN_20251006","B0F9YNLLCN","US","2025-10-06","14.9","18.8","-3.9"
"合计_JP_B0FKGX4PYG_20251006","B0FKGX4PYG","JP","2025-10-06","7.8","4.6","3.2"
"合计_US_B0D66D792T_20251007","B0D66D792T","US","2025-10-07","67","41","26"
"合计_JP_B0DBL12322_20251007","B0DBL12322","JP","2025-10-07","10.1","8.9","1.2"
"合计_US_B0F9YNLLCN_20251007","B0F9YNLLCN","US","2025-10-07","12.8","18.2","-5.4"
"合计_JP_B0FKGX4PYG_20251007","B0FKGX4PYG","JP","2025-10-07","7.5","4.7","2.8"
"合计_US_B0D66D792T_20251008","B0D66D792T","US","2025-10-08","77","40.3","36.7"
"合计_JP_B0DBL12322_20251008","B0DBL12322","JP","2025-10-08","11.2","9.7","1.5"
"合计_JP_B0FKGX4PYG_20251008","B0FKGX4PYG","JP","2025-10-08","8.7","5.6","3.1"
"合计_US_B0D66D792T_20251009","B0D66D792T","US","2025-10-09","66.3","39.6","26.7"
"合计_JP_B0DBL12322_20251009","B0DBL12322","JP","2025-10-09","13.4","10.8","2.6"
"合计_FR_B0F9XXPRJ5_20251009","B0F9XXPRJ5","FR","2025-10-09","6.4","7.8","-1.4"
"合计_US_B0F9YNLLCN_20251009","B0F9YNLLCN","US","2025-10-09","40.6","30.6","10"
"合计_JP_B0FKGX4PYG_20251009","B0FKGX4PYG","JP","2025-10-09","9","6","3"
"合计_JP_B0CJVFJMVF_20251010","B0CJVFJMVF","JP","2025-10-10","14.3","13","1.3"
"合计_US_B0D66D792T_20251010","B0D66D792T","US","2025-10-10","56.9","42.1","14.8"
"合计_JP_B0DBL12322_20251010","B0DBL12322","JP","2025-10-10","14","11.5","2.5"
"合计_FR_B0F9XXPRJ5_20251010","B0F9XXPRJ5","FR","2025-10-10","5.5","7.2","-1.7"
"合计_US_B0F9YNLLCN_20251010","B0F9YNLLCN","US","2025-10-10","39.6","30.4","9.2"
"合计_JP_B0FKGX4PYG_20251010","B0FKGX4PYG","JP","2025-10-10","10.5","7.1","3.4"
"合计_JP_B0CJVFJMVF_20251011","B0CJVFJMVF","JP","2025-10-11","18.3","15","3.3"
"合计_US_B0D66D792T_20251011","B0D66D792T","US","2025-10-11","46.8","39","7.8"
"合计_JP_B0DBL12322_20251011","B0DBL12322","JP","2025-10-11","17.1","13.3","3.8"
"合计_FR_B0F9XXPRJ5_20251011","B0F9XXPRJ5","FR","2025-10-11","5.2","6.9","-1.7"
"合计_US_B0F9YNLLCN_20251011","B0F9YNLLCN","US","2025-10-11","35.8","30.7","5.1"
"合计_JP_B0FKGX4PYG_20251011","B0FKGX4PYG","JP","2025-10-11","13.8","8.8","5"
"合计_JP_B0FKH6L6FJ_20251011","B0FKH6L6FJ","JP","2025-10-11","8.6","6.9","1.7"
"合计_JP_B0CJVFJMVF_20251012","B0CJVFJMVF","JP","2025-10-12","17.9","15.2","2.7"
"合计_US_B0D66D792T_20251012","B0D66D792T","US","2025-10-12","40.4","33","7.4"
"合计_JP_B0DBL12322_20251012","B0DBL12322","JP","2025-10-12","15.6","12.9","2.7"
"合计_FR_B0F9XXPRJ5_20251012","B0F9XXPRJ5","FR","2025-10-12","5.1","6.6","-1.5"
"合计_US_B0F9YNLLCN_20251012","B0F9YNLLCN","US","2025-10-12","29.9","31.2","-1.3"
"合计_JP_B0FKGX4PYG_20251012","B0FKGX4PYG","JP","2025-10-12","12.5","8.7","3.8"
"合计_JP_B0FKH6L6FJ_20251012","B0FKH6L6FJ","JP","2025-10-12","8.7","7","1.7"
"合计_JP_B0CJVFJMVF_20251013","B0CJVFJMVF","JP","2025-10-13","16.9","14.5","2.4"
"合计_US_B0D66D792T_20251013","B0D66D792T","US","2025-10-13","31.8","30.3","1.5"
"合计_JP_B0DBL12322_20251013","B0DBL12322","JP","2025-10-13","13.8","12.2","1.6"
"合计_FR_B0F9XXPRJ5_20251013","B0F9XXPRJ5","FR","2025-10-13","5.3","6.6","-1.3"
"合计_US_B0F9YNLLCN_20251013","B0F9YNLLCN","US","2025-10-13","29.9","31.3","-1.4"
"合计_JP_B0FKGX4PYG_20251013","B0FKGX4PYG","JP","2025-10-13","11.3","8.3","3"
"合计_JP_B0FKH6L6FJ_20251013","B0FKH6L6FJ","JP","2025-10-13","8.2","6.8","1.4"
"合计_US_B0D66D792T_20251014","B0D66D792T","US","2025-10-14","24.4","27.3","-2.9"
"合计_FR_B0F9XXPRJ5_20251014","B0F9XXPRJ5","FR","2025-10-14","5.3","6.4","-1.1"
"合计_JP_B0FKGX4PYG_20251014","B0FKGX4PYG","JP","2025-10-14","9.7","8.4","1.3"
"合计_JP_B0DBL12322_20251015","B0DBL12322","JP","2025-10-15","9.8","10.9","-1.1"
"合计_FR_B0F9XXPRJ5_20251015","B0F9XXPRJ5","FR","2025-10-15","5.1","6.2","-1.1"
"合计_US_B0F9YNLLCN_20251015","B0F9YNLLCN","US","2025-10-15","27.5","29.2","-1.7"
"合计_JP_B0CJVFJMVF_20251016","B0CJVFJMVF","JP","2025-10-16","12.4","13.7","-1.3"
"合计_US_B0D66D792T_20251016","B0D66D792T","US","2025-10-16","22.1","28.5","-6.4"
"合计_JP_B0DBL12322_20251016","B0DBL12322","JP","2025-10-16","8.7","9.9","-1.2"
"合计_FR_B0F9XXPRJ5_20251016","B0F9XXPRJ5","FR","2025-10-16","4.8","6","-1.2"
"合计_US_B0F9YNLLCN_20251016","B0F9YNLLCN","US","2025-10-16","21.1","25.1","-4"
"合计_US_B0D66D792T_20251017","B0D66D792T","US","2025-10-17","28.2","31.5","-3.3"
"合计_JP_B0DBL12322_20251017","B0DBL12322","JP","2025-10-17","7.6","9.2","-1.6"
"合计_FR_B0F9XXPRJ5_20251017","B0F9XXPRJ5","FR","2025-10-17","4.8","5.9","-1.1"
"合计_US_B0F9YNLLCN_20251017","B0F9YNLLCN","US","2025-10-17","20.9","25.6","-4.7"
"合计_JP_B0CJVFJMVF_20251018","B0CJVFJMVF","JP","2025-10-18","10.5","12.2","-1.7"
"合计_US_B0D66D792T_20251018","B0D66D792T","US","2025-10-18","28.9","33.8","-4.9"
"合计_JP_B0DBL12322_20251018","B0DBL12322","JP","2025-10-18","6.9","8.2","-1.3"
"合计_FR_B0F9XXPRJ5_20251018","B0F9XXPRJ5","FR","2025-10-18","4","5.7","-1.7"
"合计_US_B0F9YNLLCN_20251018","B0F9YNLLCN","US","2025-10-18","23","26.4","-3.4"
"合计_JP_B0CJVFJMVF_20251019","B0CJVFJMVF","JP","2025-10-19","9.5","11.5","-2"
"合计_US_B0D66D792T_20251019","B0D66D792T","US","2025-10-19","37.4","36.2","1.2"
"合计_JP_B0DBL12322_20251019","B0DBL12322","JP","2025-10-19","6.7","8.2","-1.5"
"合计_FR_B0F9XXPRJ5_20251019","B0F9XXPRJ5","FR","2025-10-19","3.8","5.5","-1.7"
"合计_US_B0F9YNLLCN_20251019","B0F9YNLLCN","US","2025-10-19","25.5","27.4","-1.9"
"合计_JP_B0CJVFJMVF_20251020","B0CJVFJMVF","JP","2025-10-20","8.5","11.1","-2.6"
"合计_US_B0D66D792T_20251020","B0D66D792T","US","2025-10-20","45.4","34.4","11"
"合计_JP_B0DBL12322_20251020","B0DBL12322","JP","2025-10-20","6.4","7.8","-1.4"
"合计_FR_B0F9XXPRJ5_20251020","B0F9XXPRJ5","FR","2025-10-20","3.5","5.3","-1.8"
"合计_JP_B0CJVFJMVF_20251021","B0CJVFJMVF","JP","2025-10-21","7.7","10.6","-2.9"
"合计_US_B0D66D792T_20251021","B0D66D792T","US","2025-10-21","44.6","34.3","10.3"
"合计_JP_B0DBL12322_20251021","B0DBL12322","JP","2025-10-21","6.4","7.7","-1.3"
"合计_FR_B0F9XXPRJ5_20251021","B0F9XXPRJ5","FR","2025-10-21","3.7","5.3","-1.6"
"合计_US_B0F9YNLLCN_20251021","B0F9YNLLCN","US","2025-10-21","26","27.5","-1.5"
"合计_JP_B0CJVFJMVF_20251022","B0CJVFJMVF","JP","2025-10-22","7.1","9.9","-2.8"
"合计_US_B0D66D792T_20251022","B0D66D792T","US","2025-10-22","35.1","31.5","3.6"
"合计_JP_B0DBL12322_20251022","B0DBL12322","JP","2025-10-22","6.3","7.7","-1.4"
"合计_FR_B0F9XXPRJ5_20251022","B0F9XXPRJ5","FR","2025-10-22","3.4","5","-1.6"
"合计_US_B0F9YNLLCN_20251022","B0F9YNLLCN","US","2025-10-22","27","29.4","-2.4"
"合计_JP_B0CJVFJMVF_20251023","B0CJVFJMVF","JP","2025-10-23","6.8","9.4","-2.6"
"合计_JP_B0DBL12322_20251023","B0DBL12322","JP","2025-10-23","6.3","7.6","-1.3"
"合计_FR_B0F9XXPRJ5_20251023","B0F9XXPRJ5","FR","2025-10-23","3.5","4.9","-1.4"
"合计_US_B0F9YNLLCN_20251023","B0F9YNLLCN","US","2025-10-23","27.7","29.9","-2.2"
"合计_JP_B0CJVFJMVF_20251024","B0CJVFJMVF","JP","2025-10-24","5.9","8.6","-2.7"
"合计_US_B0D66D792T_20251024","B0D66D792T","US","2025-10-24","32.3","28.3","4"
"合计_JP_B0DBL12322_20251024","B0DBL12322","JP","2025-10-24","5.8","7.3","-1.5"
"合计_FR_B0F9XXPRJ5_20251024","B0F9XXPRJ5","FR","2025-10-24","3.3","4.6","-1.3"
"合计_US_B0F9YNLLCN_20251024","B0F9YNLLCN","US","2025-10-24","31.2","25.5","5.7"
"合计_JP_B0CJVFJMVF_20251025","B0CJVFJMVF","JP","2025-10-25","5.2","8.6","-3.4"
"合计_US_B0D66D792T_20251025","B0D66D792T","US","2025-10-25","37.9","29.7","8.2"
"合计_JP_B0DBL12322_20251025","B0DBL12322","JP","2025-10-25","4.9","7","-2.1"
"合计_FR_B0F9XXPRJ5_20251025","B0F9XXPRJ5","FR","2025-10-25","3.4","4.5","-1.1"
"合计_US_B0F9YNLLCN_20251025","B0F9YNLLCN","US","2025-10-25","34.9","26.7","8.2"
"合计_JP_B0CJVFJMVF_20251026","B0CJVFJMVF","JP","2025-10-26","5.5","8","-2.5"
"合计_US_B0D66D792T_20251026","B0D66D792T","US","2025-10-26","34.1","27.6","6.5"
"合计_US_B0F9YNLLCN_20251026","B0F9YNLLCN","US","2025-10-26","30","25","5"
"合计_JP_B0CJVFJMVF_20251027","B0CJVFJMVF","JP","2025-10-27","6.5","8.2","-1.7"
"合计_US_B0D66D792T_20251027","B0D66D792T","US","2025-10-27","30.8","26.2","4.6"
"合计_US_B0F9YNLLCN_20251027","B0F9YNLLCN","US","2025-10-27","24.6","22.8","1.8"
"合计_JP_B0FKGX4PYG_20251027","B0FKGX4PYG","JP","2025-10-27","5.9","4.7","1.2"
"合计_JP_B0CJVFJMVF_20251028","B0CJVFJMVF","JP","2025-10-28","6.1","8.2","-2.1"
"合计_US_B0D66D792T_20251028","B0D66D792T","US","2025-10-28","30.7","24.7","6"
"合计_US_B0F9YNLLCN_20251028","B0F9YNLLCN","US","2025-10-28","26.8","25.6","1.2"
"合计_JP_B0FKGX4PYG_20251028","B0FKGX4PYG","JP","2025-10-28","6.1","5","1.1"
"合计_JP_B0CJVFJMVF_20251029","B0CJVFJMVF","JP","2025-10-29","5.8","8.4","-2.6"
"合计_US_B0D66D792T_20251029","B0D66D792T","US","2025-10-29","32.6","26.6","6"
"合计_JP_B0FKGX4PYG_20251029","B0FKGX4PYG","JP","2025-10-29","6.5","5.3","1.2"
"合计_JP_B0CJVFJMVF_20251030","B0CJVFJMVF","JP","2025-10-30","5.7","8.4","-2.7"
"合计_US_B0D66D792T_20251030","B0D66D792T","US","2025-10-30","27.7","24.5","3.2"
"合计_JP_B0CJVFJMVF_20251031","B0CJVFJMVF","JP","2025-10-31","6.1","8.6","-2.5"
"合计_US_B0D66D792T_20251031","B0D66D792T","US","2025-10-31","17.7","24.5","-6.8"
"合计_US_B0F9YNLLCN_20251031","B0F9YNLLCN","US","2025-10-31","18.3","21.3","-3"
"合计_JP_B0CJVFJMVF_20251101","B0CJVFJMVF","JP","2025-11-01","5.9","8","-2.1"
"合计_US_B0D66D792T_20251101","B0D66D792T","US","2025-11-01","13.6","20.9","-7.3"
"合计_FR_B0F9XXPRJ5_20251101","B0F9XXPRJ5","FR","2025-11-01","2.5","3.6","-1.1"
"合计_US_B0F9YNLLCN_20251101","B0F9YNLLCN","US","2025-11-01","13.9","19.1","-5.2"
"合计_JP_B0CJVFJMVF_20251102","B0CJVFJMVF","JP","2025-11-02","6.3","8.1","-1.8"
"合计_US_B0D66D792T_20251102","B0D66D792T","US","2025-11-02","13.4","19.2","-5.8"
"合计_FR_B0F9XXPRJ5_20251102","B0F9XXPRJ5","FR","2025-11-02","2.5","3.6","-1.1"
"合计_US_B0F9YNLLCN_20251102","B0F9YNLLCN","US","2025-11-02","14.9","18.2","-3.3"
"合计_JP_B0FKGX4PYG_20251102","B0FKGX4PYG","JP","2025-11-02","9.4","7.3","2.1"
"合计_JP_B0CJVFJMVF_20251103","B0CJVFJMVF","JP","2025-11-03","7","8.4","-1.4"
"合计_US_B0D66D792T_20251103","B0D66D792T","US","2025-11-03","11.6","16.5","-4.9"
"合计_JP_B0FKGX4PYG_20251103","B0FKGX4PYG","JP","2025-11-03","9.7","7.6","2.1"
"合计_US_B0D66D792T_20251104","B0D66D792T","US","2025-11-04","9.2","14.2","-5"
"合计_JP_B0FKGX4PYG_20251104","B0FKGX4PYG","JP","2025-11-04","10","7.9","2.1"
"合计_US_B0D66D792T_20251105","B0D66D792T","US","2025-11-05","7.6","11.8","-4.2"
"合计_US_B0F9YNLLCN_20251105","B0F9YNLLCN","US","2025-11-05","14.1","15.2","-1.1"
"合计_JP_B0FKGX4PYG_20251105","B0FKGX4PYG","JP","2025-11-05","9.9","8.3","1.6"
"合计_JP_B0CJVFJMVF_20251106","B0CJVFJMVF","JP","2025-11-06","6.2","8.4","-2.2"
"合计_US_B0D66D792T_20251106","B0D66D792T","US","2025-11-06","6.5","11.3","-4.8"
"合计_US_B0F9YNLLCN_20251106","B0F9YNLLCN","US","2025-11-06","11.6","14.2","-2.6"
"合计_JP_B0CJVFJMVF_20251107","B0CJVFJMVF","JP","2025-11-07","6.3","8.2","-1.9"
"合计_US_B0D66D792T_20251107","B0D66D792T","US","2025-11-07","5","11.2","-6.2"
"合计_US_B0F9YNLLCN_20251107","B0F9YNLLCN","US","2025-11-07","10.3","12.1","-1.8"
"合计_JP_B0CJVFJMVF_20251108","B0CJVFJMVF","JP","2025-11-08","6.2","8.4","-2.2"
"合计_US_B0D66D792T_20251108","B0D66D792T","US","2025-11-08","3.8","11.3","-7.5"
"合计_US_B0F9YNLLCN_20251108","B0F9YNLLCN","US","2025-11-08","8.7","10.4","-1.7"
"合计_JP_B0FKGX4PYG_20251108","B0FKGX4PYG","JP","2025-11-08","8.8","7.5","1.3"
"合计_JP_B0CJVFJMVF_20251109","B0CJVFJMVF","JP","2025-11-09","4.9","7.7","-2.8"
"合计_US_B0D66D792T_20251109","B0D66D792T","US","2025-11-09","3.6","9.2","-5.6"
"合计_US_B0F9YNLLCN_20251109","B0F9YNLLCN","US","2025-11-09","6.9","9.3","-2.4"
"合计_JP_B0FKGX4PYG_20251109","B0FKGX4PYG","JP","2025-11-09","7.8","6.5","1.3"
"合计_JP_B0CJVFJMVF_20251110","B0CJVFJMVF","JP","2025-11-10","4.8","7","-2.2"
"合计_US_B0D66D792T_20251110","B0D66D792T","US","2025-11-10","3.3","8.5","-5.2"
"合计_FR_B0F9XXPRJ5_20251110","B0F9XXPRJ5","FR","2025-11-10","2.3","3.4","-1.1"
"合计_US_B0F9YNLLCN_20251110","B0F9YNLLCN","US","2025-11-10","5.6","9.2","-3.6"
"合计_JP_B0CJVFJMVF_20251111","B0CJVFJMVF","JP","2025-11-11","4.8","6.6","-1.8"
"合计_US_B0D66D792T_20251111","B0D66D792T","US","2025-11-11","1.8","8.6","-6.8"
"合计_US_B0F9YNLLCN_20251111","B0F9YNLLCN","US","2025-11-11","5","9.1","-4.1"
"合计_JP_B0CJVFJMVF_20251112","B0CJVFJMVF","JP","2025-11-12","4.7","6.4","-1.7"
"合计_US_B0D66D792T_20251112","B0D66D792T","US","2025-11-12","1.3","8.6","-7.3"
"合计_US_B0F9YNLLCN_20251112","B0F9YNLLCN","US","2025-11-12","3.8","7.7","-3.9"
"合计_JP_B0CJVFJMVF_20251113","B0CJVFJMVF","JP","2025-11-13","4.9","6.5","-1.6"
"合计_US_B0D66D792T_20251113","B0D66D792T","US","2025-11-13","3","8.6","-5.6"
"合计_US_B0F9YNLLCN_20251113","B0F9YNLLCN","US","2025-11-13","3.8","7.4","-3.6"
"合计_JP_B0CJVFJMVF_20251114","B0CJVFJMVF","JP","2025-11-14","4.3","6","-1.7"
"合计_US_B0D66D792T_20251114","B0D66D792T","US","2025-11-14","3.2","8.1","-4.9"
"合计_US_B0F9YNLLCN_20251114","B0F9YNLLCN","US","2025-11-14","3.6","7","-3.4"
"合计_JP_B0CJVFJMVF_20251115","B0CJVFJMVF","JP","2025-11-15","4","5.9","-1.9"
"合计_US_B0D66D792T_20251115","B0D66D792T","US","2025-11-15","6.4","7.9","-1.5"
"合计_US_B0F9YNLLCN_20251115","B0F9YNLLCN","US","2025-11-15","4.1","7.2","-3.1"
"合计_JP_B0FKGX4PYG_20251115","B0FKGX4PYG","JP","2025-11-15","4.6","5.7","-1.1"
"合计_JP_B0FKH6L6FJ_20251115","B0FKH6L6FJ","JP","2025-11-15","3.3","4.7","-1.4"
"合计_JP_B0CJVFJMVF_20251116","B0CJVFJMVF","JP","2025-11-16","3.8","5.8","-2"
"合计_US_B0F9YNLLCN_20251116","B0F9YNLLCN","US","2025-11-16","5.3","6.8","-1.5"
"合计_JP_B0FKGX4PYG_20251116","B0FKGX4PYG","JP","2025-11-16","4.4","5.6","-1.2"
"合计_JP_B0FKH6L6FJ_20251116","B0FKH6L6FJ","JP","2025-11-16","3.1","4.6","-1.5"
"合计_JP_B0CJVFJMVF_20251117","B0CJVFJMVF","JP","2025-11-17","3.9","5.7","-1.8"
"合计_US_B0F9YNLLCN_20251117","B0F9YNLLCN","US","2025-11-17","4.7","6.3","-1.6"
"合计_JP_B0FKH6L6FJ_20251117","B0FKH6L6FJ","JP","2025-11-17","3.2","4.4","-1.2"
"合计_JP_B0CJVFJMVF_20251118","B0CJVFJMVF","JP","2025-11-18","4.1","5.5","-1.4"
"合计_US_B0F9YNLLCN_20251118","B0F9YNLLCN","US","2025-11-18","3.9","5.9","-2"
"合计_JP_B0FKGX4PYG_20251118","B0FKGX4PYG","JP","2025-11-18","4.1","5.2","-1.1"
"合计_JP_B0CJVFJMVF_20251119","B0CJVFJMVF","JP","2025-11-19","4.1","5.7","-1.6"
"合计_US_B0D66D792T_20251119","B0D66D792T","US","2025-11-19","7","5.9","1.1"
"合计_US_B0F9YNLLCN_20251119","B0F9YNLLCN","US","2025-11-19","3.2","5.3","-2.1"
"合计_JP_B0FKGX4PYG_20251119","B0FKGX4PYG","JP","2025-11-19","3.3","4.9","-1.6"
"合计_JP_B0CJVFJMVF_20251120","B0CJVFJMVF","JP","2025-11-20","4.1","5.6","-1.5"
"合计_US_B0D66D792T_20251120","B0D66D792T","US","2025-11-20","8.9","5.1","3.8"
"合计_US_B0F9YNLLCN_20251120","B0F9YNLLCN","US","2025-11-20","3.6","5.5","-1.9"
"合计_JP_B0FKGX4PYG_20251120","B0FKGX4PYG","JP","2025-11-20","3.3","5","-1.7"
"合计_JP_B0CJVFJMVF_20251121","B0CJVFJMVF","JP","2025-11-21","4.1","5.6","-1.5"
"合计_US_B0D66D792T_20251121","B0D66D792T","US","2025-11-21","8.7","4.9","3.8"
"合计_US_B0F9YNLLCN_20251121","B0F9YNLLCN","US","2025-11-21","4.1","5.6","-1.5"
"合计_JP_B0FKGX4PYG_20251121","B0FKGX4PYG","JP","2025-11-21","3.6","5","-1.4"
"合计_JP_B0CJVFJMVF_20251122","B0CJVFJMVF","JP","2025-11-22","3.9","5.4","-1.5"
"合计_US_B0F9YNLLCN_20251122","B0F9YNLLCN","US","2025-11-22","4.4","5.5","-1.1"
"合计_JP_B0FKGX4PYG_20251122","B0FKGX4PYG","JP","2025-11-22","3.2","5","-1.8"
"合计_JP_B0CJVFJMVF_20251123","B0CJVFJMVF","JP","2025-11-23","4.1","5.5","-1.4"
"合计_US_B0D66D792T_20251123","B0D66D792T","US","2025-11-23","7.8","5.9","1.9"
"合计_US_B0F9YNLLCN_20251123","B0F9YNLLCN","US","2025-11-23","3.9","6","-2.1"
"合计_JP_B0FKGX4PYG_20251123","B0FKGX4PYG","JP","2025-11-23","3.7","5.3","-1.6"
"合计_JP_B0CJVFJMVF_20251124","B0CJVFJMVF","JP","2025-11-24","4.4","5.5","-1.1"
"合计_US_B0D66D792T_20251124","B0D66D792T","US","2025-11-24","7.4","6.1","1.3"
"合计_US_B0F9YNLLCN_20251124","B0F9YNLLCN","US","2025-11-24","3.9","5.9","-2"
"合计_US_B0F9YNLLCN_20251125","B0F9YNLLCN","US","2025-11-25","4.2","6.3","-2.1"
"合计_JP_B0FKGX4PYG_20251125","B0FKGX4PYG","JP","2025-11-25","5","7.4","-2.4"
"合计_US_B0D66D792T_20251126","B0D66D792T","US","2025-11-26","5.2","6.7","-1.5"
"合计_US_B0F9YNLLCN_20251126","B0F9YNLLCN","US","2025-11-26","4.2","7.1","-2.9"
"合计_JP_B0FKGX4PYG_20251126","B0FKGX4PYG","JP","2025-11-26","4.4","7.2","-2.8"
"合计_US_B0D66D792T_20251127","B0D66D792T","US","2025-11-27","8.3","6.8","1.5"
"合计_US_B0F9YNLLCN_20251127","B0F9YNLLCN","US","2025-11-27","4.7","7.1","-2.4"
"合计_JP_B0FKGX4PYG_20251127","B0FKGX4PYG","JP","2025-11-27","5.1","7.3","-2.2"
"合计_JP_B0FWK4RN65_20251127","B0FWK4RN65","JP","2025-11-27","3.8","2.7","1.1"
"合计_US_B0D66D792T_20251128","B0D66D792T","US","2025-11-28","7.2","6.1","1.1"
"合计_US_B0F9YNLLCN_20251128","B0F9YNLLCN","US","2025-11-28","4.5","7.2","-2.7"
"合计_JP_B0FKGX4PYG_20251128","B0FKGX4PYG","JP","2025-11-28","4.8","7.4","-2.6"
"合计_US_B0F9YNLLCN_20251129","B0F9YNLLCN","US","2025-11-29","5.1","8.4","-3.3"
"合计_JP_B0FKGX4PYG_20251129","B0FKGX4PYG","JP","2025-11-29","4.6","7.4","-2.8"
"合计_US_B0F9YNLLCN_20251130","B0F9YNLLCN","US","2025-11-30","5.4","8.6","-3.2"
"合计_JP_B0FKGX4PYG_20251130","B0FKGX4PYG","JP","2025-11-30","4.4","7.4","-3"
"合计_US_B0F9YNLLCN_20251201","B0F9YNLLCN","US","2025-12-01","5.4","8.4","-3"
"合计_JP_B0FKGX4PYG_20251201","B0FKGX4PYG","JP","2025-12-01","4","6.8","-2.8"
"合计_DE_B0FM2FF46L_20251201","B0FM2FF46L","DE","2025-12-01","10.7","8.5","2.2"
"合计_US_B0F9YNLLCN_20251202","B0F9YNLLCN","US","2025-12-02","5.7","9.2","-3.5"
"合计_DE_B0FM2FF46L_20251202","B0FM2FF46L","DE","2025-12-02","12.3","9.8","2.5"
"合计_US_B0D66D792T_20251203","B0D66D792T","US","2025-12-03","8.7","9.9","-1.2"
"合计_US_B0F9YNLLCN_20251203","B0F9YNLLCN","US","2025-12-03","5.6","8.8","-3.2"
"合计_DE_B0FM2FF46L_20251203","B0FM2FF46L","DE","2025-12-03","11.9","9.3","2.6"
"合计_US_B0D66D792T_20251204","B0D66D792T","US","2025-12-04","8.9","10.2","-1.3"
"合计_US_B0F9YNLLCN_20251204","B0F9YNLLCN","US","2025-12-04","5.6","8.5","-2.9"
"合计_DE_B0FM2FF46L_20251204","B0FM2FF46L","DE","2025-12-04","12.5","9.9","2.6"
"合计_US_B0D66D792T_20251205","B0D66D792T","US","2025-12-05","8.3","10.5","-2.2"
"合计_US_B0F9YNLLCN_20251205","B0F9YNLLCN","US","2025-12-05","5.5","8.2","-2.7"
"合计_DE_B0FM2FF46L_20251205","B0FM2FF46L","DE","2025-12-05","12.2","9.6","2.6"
"合计_US_B0D66D792T_20251206","B0D66D792T","US","2025-12-06","8.1","10.3","-2.2"
"合计_US_B0F9YNLLCN_20251206","B0F9YNLLCN","US","2025-12-06","4.9","7.2","-2.3"
"合计_US_B0D66D792T_20251207","B0D66D792T","US","2025-12-07","8.3","10.5","-2.2"
"合计_US_B0F9YNLLCN_20251207","B0F9YNLLCN","US","2025-12-07","4.9","6.9","-2"
"合计_US_B0D66D792T_20251208","B0D66D792T","US","2025-12-08","7.8","9.7","-1.9"
"合计_US_B0F9YNLLCN_20251208","B0F9YNLLCN","US","2025-12-08","4.9","6.8","-1.9"
"合计_US_B0D66D792T_20251209","B0D66D792T","US","2025-12-09","7.1","8.5","-1.4"
"合计_US_B0F9YNLLCN_20251209","B0F9YNLLCN","US","2025-12-09","4.5","6.1","-1.6"
"合计_US_B0D66D792T_20251210","B0D66D792T","US","2025-12-10","8.4","9.7","-1.3"
"合计_US_B0F9YNLLCN_20251210","B0F9YNLLCN","US","2025-12-10","4.4","5.9","-1.5"
"合计_US_B0F9YNLLCN_20251211","B0F9YNLLCN","US","2025-12-11","4.7","5.8","-1.1"
"合计_US_B0F9YNLLCN_20251212","B0F9YNLLCN","US","2025-12-12","5","6.1","-1.1"
"合计_FR_B0FH78NK8W_20251214","B0FH78NK8W","FR","2025-12-14","12.7","11.6","1.1"
"合计_FR_B0FH78NK8W_20251215","B0FH78NK8W","FR","2025-12-15","13.5","12.4","1.1"
"合计_FR_B0FH78NK8W_20251216","B0FH78NK8W","FR","2025-12-16","13.9","12.8","1.1"
"合计_US_B0D66D792T_20251217","B0D66D792T","US","2025-12-17","14.9","13.8","1.1"
"合计_FR_B0FH78NK8W_20251217","B0FH78NK8W","FR","2025-12-17","13.9","12.7","1.2"
"合计_US_B0D66D792T_20251218","B0D66D792T","US","2025-12-18","14","12.8","1.2"
"合计_US_B0D66D792T_20251219","B0D66D792T","US","2025-12-19","13.4","11.8","1.6"
"合计_US_B0D66D792T_20251220","B0D66D792T","US","2025-12-20","12.3","11.1","1.2"
"合计_US_B0D66D792T_20251221","B0D66D792T","US","2025-12-21","11.4","10","1.4"
"合计_US_B0D66D792T_20251222","B0D66D792T","US","2025-12-22","10.9","9.5","1.4"
"合计_US_B0D66D792T_20251223","B0D66D792T","US","2025-12-23","10.4","9.1","1.3"
"合计_US_B0D66D792T_20251224","B0D66D792T","US","2025-12-24","10.2","8.8","1.4"
"合计_US_B0D66D792T_20251225","B0D66D792T","US","2025-12-25","9.6","8.2","1.4"
"合计_US_B0FB3P6H48_20251225","B0FB3P6H48","US","2025-12-25","57.6","54.3","3.3"
"合计_US_B0D66D792T_20251226","B0D66D792T","US","2025-12-26","9.2","7.9","1.3"
"合计_US_B0FB3P6H48_20251226","B0FB3P6H48","US","2025-12-26","54.7","51.5","3.2"
"合计_US_B0D66D792T_20251227","B0D66D792T","US","2025-12-27","9.1","7.9","1.2"
"合计_US_B0FB3P6H48_20251227","B0FB3P6H48","US","2025-12-27","51.1","48","3.1"
"合计_CA_B0FKG5YT3H_20251227","B0FKG5YT3H","CA","2025-12-27","4.2","2.5","1.7"
"合计_US_B0D66D792T_20251228","B0D66D792T","US","2025-12-28","8.9","7.6","1.3"
"合计_US_B0FB3P6H48_20251228","B0FB3P6H48","US","2025-12-28","47.6","44.6","3"
"合计_CA_B0FKG5YT3H_20251228","B0FKG5YT3H","CA","2025-12-28","4.6","2.9","1.7"
"合计_US_B0D66D792T_20251229","B0D66D792T","US","2025-12-29","8.5","7.2","1.3"
"合计_US_B0FB3P6H48_20251229","B0FB3P6H48","US","2025-12-29","44.3","41.7","2.6"
"合计_CA_B0FKG5YT3H_20251229","B0FKG5YT3H","CA","2025-12-29","4.8","3.1","1.7"
"合计_US_B0D66D792T_20251230","B0D66D792T","US","2025-12-30","8.4","7.1","1.3"
"合计_US_B0FB3P6H48_20251230","B0FB3P6H48","US","2025-12-30","40.3","38.1","2.2"
"合计_CA_B0FKG5YT3H_20251230","B0FKG5YT3H","CA","2025-12-30","4.8","3.2","1.6"
"合计_US_B0D66D792T_20251231","B0D66D792T","US","2025-12-31","8.3","7.1","1.2"
"合计_US_B0FB3P6H48_20251231","B0FB3P6H48","US","2025-12-31","37.9","36","1.9"
"合计_CA_B0FKG5YT3H_20251231","B0FKG5YT3H","CA","2025-12-31","5.2","2.9","2.3"
"合计_CA_B0FKG5YT3H_20260101","B0FKG5YT3H","CA","2026-01-01","5.2","2.9","2.3"
"合计_CA_B0FKG5YT3H_20260102","B0FKG5YT3H","CA","2026-01-02","5.1","3","2.1"
"合计_CA_B0FKG5YT3H_20260103","B0FKG5YT3H","CA","2026-01-03","4.7","3.1","1.6"
"合计_CA_B0FKG5YT3H_20260104","B0FKG5YT3H","CA","2026-01-04","5.5","2.9","2.6"
"合计_CA_B0FT8MDDQV_20260104","B0FT8MDDQV","CA","2026-01-04","11.6","10","1.6"
"合计_US_B0D66D792T_20260105","B0D66D792T","US","2026-01-05","9.7","8.2","1.5"
"合计_CA_B0FKG5YT3H_20260105","B0FKG5YT3H","CA","2026-01-05","5.4","2.9","2.5"
"合计_CA_B0FT8MDDQV_20260105","B0FT8MDDQV","CA","2026-01-05","11.4","9.8","1.6"
"合计_US_B0D66D792T_20260106","B0D66D792T","US","2026-01-06","9.4","8","1.4"
"合计_CA_B0FKG5YT3H_20260106","B0FKG5YT3H","CA","2026-01-06","5.5","2.9","2.6"
"合计_CA_B0FT8MDDQV_20260106","B0FT8MDDQV","CA","2026-01-06","11.1","9.5","1.6"
"合计_CA_B0G35PYVR6_20260106","B0G35PYVR6","CA","2026-01-06","5.8","3.2","2.6"
"合计_US_B0D66D792T_20260107","B0D66D792T","US","2026-01-07","10.2","8.8","1.4"
"合计_US_B0F9YNLLCN_20260107","B0F9YNLLCN","US","2026-01-07","5.8","4.7","1.1"
"合计_CA_B0FKG5YT3H_20260107","B0FKG5YT3H","CA","2026-01-07","5.5","3.2","2.3"
"合计_CA_B0FT8MDDQV_20260107","B0FT8MDDQV","CA","2026-01-07","10.7","9.1","1.6"
"合计_CA_B0G35PYVR6_20260107","B0G35PYVR6","CA","2026-01-07","6","3.2","2.8"
"合计_US_B0D66D792T_20260108","B0D66D792T","US","2026-01-08","11.1","9.7","1.4"
"合计_US_B0F9YNLLCN_20260108","B0F9YNLLCN","US","2026-01-08","6.2","5","1.2"
"合计_CA_B0FKG5YT3H_20260108","B0FKG5YT3H","CA","2026-01-08","5.6","3.3","2.3"
"合计_CA_B0FT8MDDQV_20260108","B0FT8MDDQV","CA","2026-01-08","10.1","8.8","1.3"
"合计_CA_B0G35PYVR6_20260108","B0G35PYVR6","CA","2026-01-08","5.9","2.8","3.1"
"合计_US_B0G49VCMHJ_20260108","B0G49VCMHJ","US","2026-01-08","19.5","16.2","3.3"
"合计_US_B0D66D792T_20260109","B0D66D792T","US","2026-01-09","11","9.7","1.3"
"合计_US_B0F9YNLLCN_20260109","B0F9YNLLCN","US","2026-01-09","6.2","5.1","1.1"
"合计_CA_B0FKG5YT3H_20260109","B0FKG5YT3H","CA","2026-01-09","5.8","3.5","2.3"
"合计_CA_B0FT8MDDQV_20260109","B0FT8MDDQV","CA","2026-01-09","9.8","8.7","1.1"
"合计_CA_B0G35PYVR6_20260109","B0G35PYVR6","CA","2026-01-09","5.7","2.8","2.9"
"合计_US_B0G49VCMHJ_20260109","B0G49VCMHJ","US","2026-01-09","18.3","15.2","3.1"
"合计_US_B0D66D792T_20260110","B0D66D792T","US","2026-01-10","11.3","10","1.3"
"合计_US_B0F9YNLLCN_20260110","B0F9YNLLCN","US","2026-01-10","6.9","5.5","1.4"
"合计_US_B0FB3P6H48_20260110","B0FB3P6H48","US","2026-01-10","31.9","30.4","1.5"
"合计_CA_B0FKG5YT3H_20260110","B0FKG5YT3H","CA","2026-01-10","6.1","3.4","2.7"
"合计_CA_B0FT8MDDQV_20260110","B0FT8MDDQV","CA","2026-01-10","10.5","9.3","1.2"
"合计_CA_B0G35PYVR6_20260110","B0G35PYVR6","CA","2026-01-10","5.2","2.6","2.6"
"合计_US_B0G49VCMHJ_20260110","B0G49VCMHJ","US","2026-01-10","18.9","16.6","2.3"
"合计_US_B0D66D792T_20260111","B0D66D792T","US","2026-01-11","11","9.7","1.3"
"合计_US_B0F9YNLLCN_20260111","B0F9YNLLCN","US","2026-01-11","6.7","5.3","1.4"
"合计_US_B0FB3P6H48_20260111","B0FB3P6H48","US","2026-01-11","31.2","29.6","1.6"
"合计_CA_B0FKG5YT3H_20260111","B0FKG5YT3H","CA","2026-01-11","5.2","3.4","1.8"
"合计_CA_B0G35PYVR6_20260111","B0G35PYVR6","CA","2026-01-11","5.4","2.7","2.7"
"合计_US_B0G49VCMHJ_20260111","B0G49VCMHJ","US","2026-01-11","19.3","17.3","2"
"合计_US_B0F9YNLLCN_20260112","B0F9YNLLCN","US","2026-01-12","6.5","5.1","1.4"
"合计_US_B0FB3P6H48_20260112","B0FB3P6H48","US","2026-01-12","30.4","28.8","1.6"
"合计_CA_B0FT8MDDQV_20260112","B0FT8MDDQV","CA","2026-01-12","10.5","9","1.5"
"合计_CA_B0G35PYVR6_20260112","B0G35PYVR6","CA","2026-01-12","3.9","2.6","1.3"
"合计_US_B0G49VCMHJ_20260112","B0G49VCMHJ","US","2026-01-12","20.4","18.6","1.8"
"合计_US_B0F9YNLLCN_20260113","B0F9YNLLCN","US","2026-01-13","6.6","5.1","1.5"
"合计_US_B0FB3P6H48_20260113","B0FB3P6H48","US","2026-01-13","28.4","26.8","1.6"
"合计_CA_B0FT8MDDQV_20260113","B0FT8MDDQV","CA","2026-01-13","9.9","8.4","1.5"
"合计_US_B0G49VCMHJ_20260113","B0G49VCMHJ","US","2026-01-13","20.5","18.9","1.6"
"合计_US_B0FB3P6H48_20260114","B0FB3P6H48","US","2026-01-14","26.7","25.1","1.6"
"合计_CA_B0FT8MDDQV_20260114","B0FT8MDDQV","CA","2026-01-14","10.2","8.3","1.9"
"合计_US_B0G49VCMHJ_20260114","B0G49VCMHJ","US","2026-01-14","20.2","18.8","1.4"
"合计_US_B0FB3P6H48_20260115","B0FB3P6H48","US","2026-01-15","25.7","24.1","1.6"
"合计_US_B0G49VCMHJ_20260115","B0G49VCMHJ","US","2026-01-15","19.5","18","1.5"
"合计_US_B0FB3P6H48_20260116","B0FB3P6H48","US","2026-01-16","28.1","26.8","1.3"
"合计_US_B0G49VCMHJ_20260116","B0G49VCMHJ","US","2026-01-16","18.4","17.1","1.3"
"合计_US_B0G49VCMHJ_20260117","B0G49VCMHJ","US","2026-01-17","17.4","16.2","1.2"
"合计_US_B0G49VCMHJ_20260119","B0G49VCMHJ","US","2026-01-19","15.4","14.2","1.2"
"合计_US_B0G49VCMHJ_20260120","B0G49VCMHJ","US","2026-01-20","14.6","13","1.6"
"合计_US_B0G49VCMHJ_20260121","B0G49VCMHJ","US","2026-01-21","13.4","11.8","1.6"
"合计_US_B0G49VCMHJ_20260122","B0G49VCMHJ","US","2026-01-22","12.5","10.8","1.7"
"合计_US_B0G49VCMHJ_20260123","B0G49VCMHJ","US","2026-01-23","11.7","9.9","1.8"
"合计_US_B0G49VCMHJ_20260124","B0G49VCMHJ","US","2026-01-24","10.3","8.5","1.8"
"合计_US_B0G49VCMHJ_20260125","B0G49VCMHJ","US","2026-01-25","8.8","7.4","1.4"
"合计_JP_B0FWK4RN65_20260127","B0FWK4RN65","JP","2026-01-27","3.1","4.4","-1.3"
"合计_US_B0FB3P6H48_20260128","B0FB3P6H48","US","2026-01-28","55.8","54.3","1.5"
"合计_CA_B0G35PYVR6_20260128","B0G35PYVR6","CA","2026-01-28","3.7","2.4","1.3"
"合计_US_B0FB3P6H48_20260129","B0FB3P6H48","US","2026-01-29","54.8","52","2.8"
"合计_US_B0FB3P6H48_20260130","B0FB3P6H48","US","2026-01-30","52.5","48.8","3.7"
"合计_US_B0FB3P6H48_20260131","B0FB3P6H48","US","2026-01-31","48.7","44.4","4.3"
"合计_US_B0D66D792T_20260201","B0D66D792T","US","2026-02-01","8.5","7.1","1.4"
"合计_US_B0FB3P6H48_20260201","B0FB3P6H48","US","2026-02-01","47.7","42.3","5.4"
"合计_US_B0D66D792T_20260202","B0D66D792T","US","2026-02-02","8.5","7","1.5"
"合计_US_B0FB3P6H48_20260202","B0FB3P6H48","US","2026-02-02","45.7","39.2","6.5"
"合计_US_B0D66D792T_20260203","B0D66D792T","US","2026-02-03","8.6","6.8","1.8"
"合计_US_B0FB3P6H48_20260203","B0FB3P6H48","US","2026-02-03","43.7","35.9","7.8"
"合计_US_B0D66D792T_20260204","B0D66D792T","US","2026-02-04","8.7","6.8","1.9"
"合计_US_B0FB3P6H48_20260204","B0FB3P6H48","US","2026-02-04","42.9","34.8","8.1"
"合计_US_B0D66D792T_20260205","B0D66D792T","US","2026-02-05","8.7","6.6","2.1"
"合计_US_B0FB3P6H48_20260205","B0FB3P6H48","US","2026-02-05","40.4","32.5","7.9"
"合计_US_B0D66D792T_20260206","B0D66D792T","US","2026-02-06","8.6","6.4","2.2"
"合计_US_B0FB3P6H48_20260206","B0FB3P6H48","US","2026-02-06","38.6","30.6","8"
"合计_US_B0D66D792T_20260207","B0D66D792T","US","2026-02-07","8.5","6.5","2"
"合计_US_B0FB3P6H48_20260207","B0FB3P6H48","US","2026-02-07","38.4","29.2","9.2"
"合计_US_B0D66D792T_20260208","B0D66D792T","US","2026-02-08","8.2","6.4","1.8"
"合计_US_B0FB3P6H48_20260208","B0FB3P6H48","US","2026-02-08","37.5","27.7","9.8"
"合计_US_B0D66D792T_20260209","B0D66D792T","US","2026-02-09","8.1","6.3","1.8"
"合计_US_B0FB3P6H48_20260209","B0FB3P6H48","US","2026-02-09","36.9","26.9","10"
"合计_US_B0D66D792T_20260210","B0D66D792T","US","2026-02-10","7.8","6","1.8"
"合计_US_B0FB3P6H48_20260210","B0FB3P6H48","US","2026-02-10","34.9","25.5","9.4"
"合计_US_B0D66D792T_20260211","B0D66D792T","US","2026-02-11","7.5","5.8","1.7"
"合计_US_B0FB3P6H48_20260211","B0FB3P6H48","US","2026-02-11","32.7","23.8","8.9"
"合计_US_B0D66D792T_20260212","B0D66D792T","US","2026-02-12","7.3","5.6","1.7"
"合计_US_B0FB3P6H48_20260212","B0FB3P6H48","US","2026-02-12","32.3","24","8.3"
"合计_US_B0D66D792T_20260213","B0D66D792T","US","2026-02-13","7","5.4","1.6"
"合计_US_B0FB3P6H48_20260213","B0FB3P6H48","US","2026-02-13","31.8","23.7","8.1"
"合计_US_B0FB3P6H48_20260214","B0FB3P6H48","US","2026-02-14","30.4","23.2","7.2"
"合计_US_B0FB3P6H48_20260215","B0FB3P6H48","US","2026-02-15","28.9","22.1","6.8"
"合计_US_B0FB3P6H48_20260216","B0FB3P6H48","US","2026-02-16","28.5","22.4","6.1"
"合计_US_B0FB3P6H48_20260217","B0FB3P6H48","US","2026-02-17","27.1","21.3","5.8"
"合计_US_B0FB3P6H48_20260218","B0FB3P6H48","US","2026-02-18","26.6","21.3","5.3"
"合计_US_B0FB3P6H48_20260219","B0FB3P6H48","US","2026-02-19","28","22.9","5.1"
"合计_US_B0FB3P6H48_20260220","B0FB3P6H48","US","2026-02-20","28.7","24","4.7"
"合计_US_B0FB3P6H48_20260221","B0FB3P6H48","US","2026-02-21","30.1","25.7","4.4"
"合计_US_B0FB3P6H48_20260222","B0FB3P6H48","US","2026-02-22","31","27.3","3.7"
"合计_US_B0FB3P6H48_20260223","B0FB3P6H48","US","2026-02-23","30.9","27.6","3.3"
"合计_US_B0FB3P6H48_20260224","B0FB3P6H48","US","2026-02-24","32","29","3"
"合计_US_B0FB3P6H48_20260225","B0FB3P6H48","US","2026-02-25","34.3","31.3","3"
"合计_US_B0FB3P6H48_20260226","B0FB3P6H48","US","2026-02-26","35.5","32.4","3.1"
"合计_US_B0FB3P6H48_20260227","B0FB3P6H48","US","2026-02-27","39.5","36.7","2.8"
"合计_US_B0FB3P6H48_20260228","B0FB3P6H48","US","2026-02-28","43.3","40.9","2.4"
"合计_US_B0FB3P6H48_20260301","B0FB3P6H48","US","2026-03-01","47.3","45.1","2.2"
"合计_US_B0FB3P6H48_20260302","B0FB3P6H48","US","2026-03-02","49.2","47.3","1.9"
"合计_US_B0FB3P6H48_20260303","B0FB3P6H48","US","2026-03-03","52.3","50.6","1.7"
"合计_US_B0FB3P6H48_20260304","B0FB3P6H48","US","2026-03-04","50.4","48.9","1.5"
"合计_US_B0FB3P6H48_20260305","B0FB3P6H48","US","2026-03-05","49.2","48","1.2"
"合计_US_B0G4D9NJRX_20260328","B0G4D9NJRX","US","2026-03-28","33.6","31.9","1.7"
"合计_US_B0G4D9NJRX_20260329","B0G4D9NJRX","US","2026-03-29","33.3","30.3","3"
"合计_US_B0G4D9NJRX_20260330","B0G4D9NJRX","US","2026-03-30","32.1","29","3.1"
"合计_US_B0G4D9NJRX_20260331","B0G4D9NJRX","US","2026-03-31","32.5","29.1","3.4"
"合计_US_B0G4D9NJRX_20260401","B0G4D9NJRX","US","2026-04-01","32.8","29.4","3.4"
"合计_DE_B0G41T6B8R_20260415","B0G41T6B8R","DE","2026-04-15","4","5.9","-1.9"
"合计_DE_B0G41T6B8R_20260416","B0G41T6B8R","DE","2026-04-16","4","5.9","-1.9"
"合计_DE_B0G41T6B8R_20260417","B0G41T6B8R","DE","2026-04-17","3.9","5.8","-1.9"
"合计_DE_B0G41T6B8R_20260418","B0G41T6B8R","DE","2026-04-18","4.1","5.8","-1.7"
"合计_DE_B0G41T6B8R_20260419","B0G41T6B8R","DE","2026-04-19","4","6.1","-2.1"
"合计_DE_B0G41T6B8R_20260420","B0G41T6B8R","DE","2026-04-20","3.9","6.8","-2.9"
"合计_DE_B0G41T6B8R_20260421","B0G41T6B8R","DE","2026-04-21","3.7","7.2","-3.5"
"合计_DE_B0G41T6B8R_20260422","B0G41T6B8R","DE","2026-04-22","3.8","7","-3.2"
"合计_DE_B0G41T6B8R_20260423","B0G41T6B8R","DE","2026-04-23","3.6","6.7","-3.1"
"合计_DE_B0G41T6B8R_20260424","B0G41T6B8R","DE","2026-04-24","3.5","6.9","-3.4"
"合计_DE_B0G41T6B8R_20260425","B0G41T6B8R","DE","2026-04-25","3.4","6.8","-3.4"
"合计_DE_B0G41T6B8R_20260426","B0G41T6B8R","DE","2026-04-26","3.4","6.5","-3.1"
"合计_DE_B0G41T6B8R_20260427","B0G41T6B8R","DE","2026-04-27","3.2","6.5","-3.3"
"合计_DE_B0G41T6B8R_20260428","B0G41T6B8R","DE","2026-04-28","3.2","6.6","-3.4"
"合计_DE_B0G41T6B8R_20260429","B0G41T6B8R","DE","2026-04-29","3","6.2","-3.2"
"合计_US_B0GMD43632_20260429","B0GMD43632","US","2026-04-29","11.9","16.5","-4.6"
"合计_DE_B0G41T6B8R_20260430","B0G41T6B8R","DE","2026-04-30","3.2","6","-2.8"
"合计_US_B0GMD43632_20260430","B0GMD43632","US","2026-04-30","11.6","17","-5.4"
"合计_DE_B0G41T6B8R_20260501","B0G41T6B8R","DE","2026-05-01","3","5.6","-2.6"
"合计_US_B0GMD43632_20260501","B0GMD43632","US","2026-05-01","9.3","17.6","-8.3"
"合计_DE_B0G41T6B8R_20260502","B0G41T6B8R","DE","2026-05-02","2.8","5.4","-2.6"
"合计_US_B0GMD43632_20260502","B0GMD43632","US","2026-05-02","9","16.8","-7.8"
"合计_DE_B0G41T6B8R_20260503","B0G41T6B8R","DE","2026-05-03","2.5","5.1","-2.6"
"合计_US_B0GMD43632_20260503","B0GMD43632","US","2026-05-03","9","16.8","-7.8"
"合计_DE_B0G41T6B8R_20260504","B0G41T6B8R","DE","2026-05-04","2.9","5.1","-2.2"
"合计_US_B0GMD43632_20260504","B0GMD43632","US","2026-05-04","7.7","16.5","-8.8"
"合计_DE_B0G41T6B8R_20260505","B0G41T6B8R","DE","2026-05-05","3.1","4.9","-1.8"
"合计_US_B0GMD43632_20260505","B0GMD43632","US","2026-05-05","7.2","15.9","-8.7"
"合计_DE_B0G41T6B8R_20260506","B0G41T6B8R","DE","2026-05-06","3.9","5.3","-1.4"
"合计_US_B0GMD43632_20260506","B0GMD43632","US","2026-05-06","7","15.8","-8.8"
"合计_DE_B0G41T6B8R_20260507","B0G41T6B8R","DE","2026-05-07","4.3","5.6","-1.3"
"合计_US_B0GMD43632_20260507","B0GMD43632","US","2026-05-07","5","16","-11"
"合计_DE_B0G41T6B8R_20260508","B0G41T6B8R","DE","2026-05-08","4.6","6","-1.4"
"合计_US_B0GMD43632_20260508","B0GMD43632","US","2026-05-08","4.9","16.7","-11.8"
"合计_DE_B0G41T6B8R_20260509","B0G41T6B8R","DE","2026-05-09","5.5","6.7","-1.2"
"合计_US_B0GMD43632_20260509","B0GMD43632","US","2026-05-09","4.4","18","-13.6"
"合计_DE_B0G41T6B8R_20260510","B0G41T6B8R","DE","2026-05-10","6.2","7.3","-1.1"
"合计_US_B0GMD43632_20260510","B0GMD43632","US","2026-05-10","6","18.5","-12.5"
"合计_US_B0GMD43632_20260511","B0GMD43632","US","2026-05-11","5.7","19","-13.3"
"合计_US_B0GMRFQFWC_20260511","B0GMRFQFWC","US","2026-05-11","23.8","21.3","2.5"
"合计_US_B0GMD43632_20260512","B0GMD43632","US","2026-05-12","5.6","19.5","-13.9"
"合计_US_B0GMRFQFWC_20260512","B0GMRFQFWC","US","2026-05-12","24.3","20","4.3"
"合计_US_B0GMD43632_20260513","B0GMD43632","US","2026-05-13","5.5","19.7","-14.2"
"合计_US_B0GMRFQFWC_20260513","B0GMRFQFWC","US","2026-05-13","24.6","18.7","5.9"
"合计_US_B0GMD43632_20260514","B0GMD43632","US","2026-05-14","5.4","19.5","-14.1"
"合计_US_B0GMRFQFWC_20260514","B0GMRFQFWC","US","2026-05-14","24.4","18.5","5.9"
"合计_US_B0GMD43632_20260515","B0GMD43632","US","2026-05-15","5.5","19.3","-13.8"
"合计_US_B0GMRFQFWC_20260515","B0GMRFQFWC","US","2026-05-15","23.8","17.9","5.9"
"合计_US_B0GMD43632_20260516","B0GMD43632","US","2026-05-16","5.5","19","-13.5"
"合计_US_B0GMRFQFWC_20260516","B0GMRFQFWC","US","2026-05-16","23.2","17.4","5.8"
"合计_US_B0GMD43632_20260517","B0GMD43632","US","2026-05-17","4.9","18.8","-13.9"
"合计_US_B0GMRFQFWC_20260517","B0GMRFQFWC","US","2026-05-17","22.6","15.7","6.9"
"合计_US_B0GMD43632_20260518","B0GMD43632","US","2026-05-18","6.2","18.8","-12.6"
"合计_US_B0GMRFQFWC_20260518","B0GMRFQFWC","US","2026-05-18","21.3","15.5","5.8"
"合计_US_B0GMD43632_20260519","B0GMD43632","US","2026-05-19","6.9","18.6","-11.7"
"合计_US_B0GMRFQFWC_20260519","B0GMRFQFWC","US","2026-05-19","19.8","15","4.8"
"合计_US_B0GMD43632_20260520","B0GMD43632","US","2026-05-20","7.6","18.4","-10.8"
"合计_US_B0GMRFQFWC_20260520","B0GMRFQFWC","US","2026-05-20","18.5","14.4","4.1"
"合计_US_B0GMD43632_20260521","B0GMD43632","US","2026-05-21","8.2","18.1","-9.9"
"合计_US_B0GMRFQFWC_20260521","B0GMRFQFWC","US","2026-05-21","17.5","13.4","4.1"
"合计_US_B0GMD43632_20260522","B0GMD43632","US","2026-05-22","8.4","17.4","-9"
"合计_US_B0GMRFQFWC_20260522","B0GMRFQFWC","US","2026-05-22","17.2","13.1","4.1"
"合计_US_B0GMD43632_20260523","B0GMD43632","US","2026-05-23","9.4","17.3","-7.9"
"合计_US_B0GMRFQFWC_20260523","B0GMRFQFWC","US","2026-05-23","16.6","12.5","4.1"
"合计_US_B0GMD43632_20260524","B0GMD43632","US","2026-05-24","9.5","16.5","-7"
"合计_US_B0GMRFQFWC_20260524","B0GMRFQFWC","US","2026-05-24","15.8","12.3","3.5"
"合计_US_B0GMRFQFWC_20260525","B0GMRFQFWC","US","2026-05-25","15.1","11.6","3.5"
"合计_US_B0GMRFQFWC_20260526","B0GMRFQFWC","US","2026-05-26","14.6","11.9","2.7"
"合计_US_B0GMRFQFWC_20260527","B0GMRFQFWC","US","2026-05-27","13.9","11.4","2.5"
"合计_US_B0GMRFQFWC_20260528","B0GMRFQFWC","US","2026-05-28","13.4","11.3","2.1"
"合计_US_B0GMRFQFWC_20260529","B0GMRFQFWC","US","2026-05-29","12.7","10.7","2"
"合计_US_B0GY8PJS3K_20260529","B0GY8PJS3K","US","2026-05-29","12.1","5.2","6.9"
"合计_US_B0GMRFQFWC_20260530","B0GMRFQFWC","US","2026-05-30","12.6","10.5","2.1"
"合计_US_B0GY8PJS3K_20260530","B0GY8PJS3K","US","2026-05-30","11.9","5.5","6.4"
"合计_US_B0GMRFQFWC_20260531","B0GMRFQFWC","US","2026-05-31","12.3","9.8","2.5"
"合计_US_B0GY8PJS3K_20260531","B0GY8PJS3K","US","2026-05-31","11.6","5.2","6.4"
"合计_US_B0GMRFQFWC_20260601","B0GMRFQFWC","US","2026-06-01","12.1","9.2","2.9"
"合计_US_B0GY8PJS3K_20260601","B0GY8PJS3K","US","2026-06-01","10.7","5.2","5.5"
"合计_US_B0GMRFQFWC_20260602","B0GMRFQFWC","US","2026-06-02","11.5","8.5","3"
"合计_US_B0GY8PJS3K_20260602","B0GY8PJS3K","US","2026-06-02","10.1","5.2","4.9"
"合计_US_B0GMRFQFWC_20260603","B0GMRFQFWC","US","2026-06-03","11.1","8.4","2.7"
"合计_US_B0GY8PJS3K_20260603","B0GY8PJS3K","US","2026-06-03","10","5.7","4.3"
"合计_US_B0GMRFQFWC_20260604","B0GMRFQFWC","US","2026-06-04","11.2","7.8","3.4"
"合计_US_B0GY8PJS3K_20260604","B0GY8PJS3K","US","2026-06-04","9.6","5.5","4.1"
"合计_US_B0GMRFQFWC_20260605","B0GMRFQFWC","US","2026-06-05","11.1","7.7","3.4"
"合计_US_B0GY8PJS3K_20260605","B0GY8PJS3K","US","2026-06-05","9","5.2","3.8"
"合计_US_B0GMRFQFWC_20260606","B0GMRFQFWC","US","2026-06-06","10.7","6.7","4"
"合计_US_B0GY8PJS3K_20260606","B0GY8PJS3K","US","2026-06-06","8.4","5","3.4"
"合计_US_B0GMRFQFWC_20260607","B0GMRFQFWC","US","2026-06-07","10.5","6.8","3.7"
"合计_CA_B0GWLN5RNP_20260607","B0GWLN5RNP","CA","2026-06-07","6.7","5.4","1.3"
"合计_US_B0GY8PJS3K_20260607","B0GY8PJS3K","US","2026-06-07","7.9","4.8","3.1"
"合计_US_B0GMRFQFWC_20260608","B0GMRFQFWC","US","2026-06-08","10.2","6.8","3.4"
"合计_CA_B0GWLN5RNP_20260608","B0GWLN5RNP","CA","2026-06-08","6.7","5.6","1.1"
"合计_US_B0GY8PJS3K_20260608","B0GY8PJS3K","US","2026-06-08","7.6","4.5","3.1"
"合计_US_B0GMRFQFWC_20260609","B0GMRFQFWC","US","2026-06-09","10.2","6","4.2"
"合计_CA_B0GWLN5RNP_20260609","B0GWLN5RNP","CA","2026-06-09","6.2","5.1","1.1"
"合计_US_B0GY8PJS3K_20260609","B0GY8PJS3K","US","2026-06-09","7.1","4.6","2.5"
"合计_US_B0GMRFQFWC_20260610","B0GMRFQFWC","US","2026-06-10","10","5.5","4.5"
"合计_CA_B0GWLN5RNP_20260610","B0GWLN5RNP","CA","2026-06-10","6","4.9","1.1"
"合计_US_B0GY8PJS3K_20260610","B0GY8PJS3K","US","2026-06-10","6.8","4.3","2.5"
